<?xml version="1.0" encoding="UTF-8"?>
<project xmlns="http://maven.apache.org/POM/4.0.0" xmlns:xsi="http://www.w3.org/2001/XMLSchema-instance" xsi:schemaLocation="http://maven.apache.org/POM/4.0.0 http://maven.apache.org/maven-v4_0_0.xsd">
  <modelVersion>4.0.0</modelVersion>
  <groupId>com.extrc</groupId>
  <artifactId>extrc</artifactId>
  <name>extrc</name>
  <version>1.0-SNAPSHOT</version>
  <url>http://maven.apache.org</url>
  <build>
    <plugins>
      <plugin>
        <artifactId>maven-shade-plugin</artifactId>
        <version>3.6.0</version>
        <executions>
          <execution>
            <phase>package</phase>
            <goals>
              <goal>shade</goal>
            </goals>
            <configuration>
              <transformers>
                <transformer>
                  <mainClass>com.extrc.App</mainClass>
                </transformer>
              </transformers>
            </configuration>
          </execution>
        </executions>
        <configuration>
          <filters>
            <filter>
              <artifact>*:*</artifact>
              <excludes>
                <exclude>module-info.class</exclude>
                <exclude>META-INF/*.MF</exclude>
                <exclude>META-INF/*.SF</exclude>
                <exclude>META-INF/*.DSA</exclude>
                <exclude>META-INF/*.RSA</exclude>
              </excludes>
            </filter>
          </filters>
        </configuration>
      </plugin>
      <plugin>
        <groupId>com.github.eirslett</groupId>
        <artifactId>frontend-maven-plugin</artifactId>
        <version>1.15.0</version>
        <executions>
          <execution>
            <id>install-frontend-tools</id>
            <goals>
              <goal>install-node-and-pnpm</goal>
            </goals>
          </execution>
          <execution>
            <id>pnpm-install</id>
            <goals>
              <goal>pnpm</goal>
            </goals>
            <configuration>
              <arguments>install</arguments>
            </configuration>
          </execution>
          <execution>
            <id>build-frontend</id>
            <phase>prepare-package</phase>
            <goals>
              <goal>pnpm</goal>
            </goals>
            <configuration>
              <arguments>build</arguments>
            </configuration>
          </execution>
        </executions>
        <configuration>
          <nodeVersion>${node.version}</nodeVersion>
          <pnpmVersion>${pnpm.version}</pnpmVersion>
          <workingDirectory>${frontend.app.dir}</workingDirectory>
          <installDirectory>${project.build.directory}</installDirectory>
        </configuration>
      </plugin>
      <plugin>
        <artifactId>maven-resources-plugin</artifactId>
        <version>3.3.1</version>
        <executions>
          <execution>
            <id>position-react-build</id>
            <phase>prepare-package</phase>
            <goals>
              <goal>copy-resources</goal>
            </goals>
            <configuration>
              <outputDirectory>${project.build.outputDirectory}/web</outputDirectory>
              <resources>
                <resource>
                  <directory>${frontend.app.dir}/dist</directory>
                  <filtering>false</filtering>
                </resource>
              </resources>
            </configuration>
          </execution>
        </executions>
      </plugin>
    </plugins>
  </build>
  <dependencies>
    <dependency>
      <groupId>junit</groupId>
      <artifactId>junit</artifactId>
      <version>4.13</version>
      <scope>test</scope>
      <exclusions>
        <exclusion>
          <artifactId>hamcrest-core</artifactId>
          <groupId>org.hamcrest</groupId>
        </exclusion>
      </exclusions>
    </dependency>
    <dependency>
      <groupId>org.mockito</groupId>
      <artifactId>mockito-core</artifactId>
      <version>5.12.0</version>
      <scope>test</scope>
      <exclusions>
        <exclusion>
          <artifactId>byte-buddy-agent</artifactId>
          <groupId>net.bytebuddy</groupId>
        </exclusion>
        <exclusion>
          <artifactId>objenesis</artifactId>
          <groupId>org.objenesis</groupId>
        </exclusion>
      </exclusions>
    </dependency>
  </dependencies>
  <properties>
    <maven.compiler.release>21</maven.compiler.release>
    <main.class>com.extrc.App</main.class>
    <frontend.app.dir>${project.basedir}/src/main/web</frontend.app.dir>
    <maven.compiler.source>21</maven.compiler.source>
    <pnpm.version>9.6.0</pnpm.version>
    <maven.compiler.target>21</maven.compiler.target>
    <node.version>v20.16.0</node.version>
    <project.build.sourceEncoding>UTF-8</project.build.sourceEncoding>
  </properties>
</project>
