KnowledgeBase,QuerySet,Algorithm,AverageTime(ms),CacheHitCounter
kbsets\1k50.txt,querysets\halfrepeated_ante_query_100.txt,NaiveEntailment,111652,0
kbsets\1k50.txt,querysets\halfrepeated_ante_query_100.txt,BinaryEntailment,13953,0
kbsets\1k50.txt,querysets\halfrepeated_ante_query_100.txt,TernaryEntailment,21791,0
kbsets\1k50.txt,querysets\halfrepeated_ante_query_100.txt,NCachedEntailment,41273,56
kbsets\1k50.txt,querysets\halfrepeated_ante_query_100.txt,BCachedEntailment,4046,56
kbsets\1k50.txt,querysets\halfrepeated_ante_query_100.txt,TCachedEntailment,8965,56
